post_title,post_excerpt,post_content,meta_key,meta_value
"Tuna Fritters","Fluffy, pan-fried fritters with tuna and rice. They go well with any combination of sides from steamed veggies to packet pastas.","<blockquote>Fluffy, pan-fried fritters with tuna and rice. They go well with any combination of sides from steamed veggies to packet pastas.</blockquote>
<!--more-->
<h2>Ingredients</h2>
¾ cup rice
1 (425g) tin of tuna, drained
1 medium onion, chopped
¼ cup milk
2 eggs, separated
2 tbsp flour
1 tsp sugar
1 tsp vinegar
1 tbsp parsley, chopped
½ tsp salt
¼ tsp pepper
<h2>Steps</h2>
<ol>
 	<li>Cook the rice in boiling salted water for 12 minutes; drain.</li>
 	<li>Combine the rice, drained tuna, chopped onion, milk, flour, sugar, vinegar, parsley, salt and pepper.</li>
 	<li>Separate the eggs and add the yolks to the mixture.</li>
 	<li>Beat the egg whites until soft peaks form, then fold into the mixture.</li>
 	<li>Scoop heaped tablespoons of the mixture into a hot oiled pan and fry for five minutes or until golden. Flip each fritter and fry for a further five minutes.</li>
</ol>
<h2>Serving Suggestion</h2>
Dipped in tomato sauce, served alongside steamed or roasted veggies.

Be quick though, they won't last long. At the dinner table there is only the quick and the hungry!",yields,20
"Tuna Fritters","Fluffy, pan-fried fritters with tuna and rice. They go well with any combination of sides from steamed veggies to packet pastas.","<blockquote>Fluffy, pan-fried fritters with tuna and rice. They go well with any combination of sides from steamed veggies to packet pastas.</blockquote>
<!--more-->
<h2>Ingredients</h2>
¾ cup rice
1 (425g) tin of tuna, drained
1 medium onion, chopped
¼ cup milk
2 eggs, separated
2 tbsp flour
1 tsp sugar
1 tsp vinegar
1 tbsp parsley, chopped
½ tsp salt
¼ tsp pepper
<h2>Steps</h2>
<ol>
 	<li>Cook the rice in boiling salted water for 12 minutes; drain.</li>
 	<li>Combine the rice, drained tuna, chopped onion, milk, flour, sugar, vinegar, parsley, salt and pepper.</li>
 	<li>Separate the eggs and add the yolks to the mixture.</li>
 	<li>Beat the egg whites until soft peaks form, then fold into the mixture.</li>
 	<li>Scoop heaped tablespoons of the mixture into a hot oiled pan and fry for five minutes or until golden. Flip each fritter and fry for a further five minutes.</li>
</ol>
<h2>Serving Suggestion</h2>
Dipped in tomato sauce, served alongside steamed or roasted veggies.

Be quick though, they won't last long. At the dinner table there is only the quick and the hungry!",author,Leanne
"Tuna Fritters","Fluffy, pan-fried fritters with tuna and rice. They go well with any combination of sides from steamed veggies to packet pastas.","<blockquote>Fluffy, pan-fried fritters with tuna and rice. They go well with any combination of sides from steamed veggies to packet pastas.</blockquote>
<!--more-->
<h2>Ingredients</h2>
¾ cup rice
1 (425g) tin of tuna, drained
1 medium onion, chopped
¼ cup milk
2 eggs, separated
2 tbsp flour
1 tsp sugar
1 tsp vinegar
1 tbsp parsley, chopped
½ tsp salt
¼ tsp pepper
<h2>Steps</h2>
<ol>
 	<li>Cook the rice in boiling salted water for 12 minutes; drain.</li>
 	<li>Combine the rice, drained tuna, chopped onion, milk, flour, sugar, vinegar, parsley, salt and pepper.</li>
 	<li>Separate the eggs and add the yolks to the mixture.</li>
 	<li>Beat the egg whites until soft peaks form, then fold into the mixture.</li>
 	<li>Scoop heaped tablespoons of the mixture into a hot oiled pan and fry for five minutes or until golden. Flip each fritter and fry for a further five minutes.</li>
</ol>
<h2>Serving Suggestion</h2>
Dipped in tomato sauce, served alongside steamed or roasted veggies.

Be quick though, they won't last long. At the dinner table there is only the quick and the hungry!",prep_time,10
"Tuna Fritters","Fluffy, pan-fried fritters with tuna and rice. They go well with any combination of sides from steamed veggies to packet pastas.","<blockquote>Fluffy, pan-fried fritters with tuna and rice. They go well with any combination of sides from steamed veggies to packet pastas.</blockquote>
<!--more-->
<h2>Ingredients</h2>
¾ cup rice
1 (425g) tin of tuna, drained
1 medium onion, chopped
¼ cup milk
2 eggs, separated
2 tbsp flour
1 tsp sugar
1 tsp vinegar
1 tbsp parsley, chopped
½ tsp salt
¼ tsp pepper
<h2>Steps</h2>
<ol>
 	<li>Cook the rice in boiling salted water for 12 minutes; drain.</li>
 	<li>Combine the rice, drained tuna, chopped onion, milk, flour, sugar, vinegar, parsley, salt and pepper.</li>
 	<li>Separate the eggs and add the yolks to the mixture.</li>
 	<li>Beat the egg whites until soft peaks form, then fold into the mixture.</li>
 	<li>Scoop heaped tablespoons of the mixture into a hot oiled pan and fry for five minutes or until golden. Flip each fritter and fry for a further five minutes.</li>
</ol>
<h2>Serving Suggestion</h2>
Dipped in tomato sauce, served alongside steamed or roasted veggies.

Be quick though, they won't last long. At the dinner table there is only the quick and the hungry!",cook_time,30
"Fried Rice","Why buy take out when you can make your own fried rice? You can even easily sub-in your own choice of veggies and protein.","<blockquote>Why buy take out when you can make your own fried rice? You can even easily sub-in your own choice of veggies and protein.</blockquote>
<!--more-->
<h2>Ingredients</h2>
1 ½ cups plain white rice
1 onion, chopped
1 carrot, chopped
Handful of mushrooms, chopped
Handful of sliced ham, chopped
Half a red capsicum, chopped
2 eggs, beaten
½ teaspoon Chinese five spice
1 tbsp chicken stock
2 tsp sesame oil
1 tbsp soy sauce
<h2>Steps</h2>
<ol>
 	<li>Wash and steam rice.</li>
 	<li>Pour eggs into hot frypan and cook until set, then chop into pieces and put aside with the other chopped ingredients.</li>
 	<li>Add the onions and carrots to the frypan and cook for one minute. Add the rest of the vegetables and continue to cook.</li>
 	<li>Once the vegetables have cooked through, add the chopped egg and steamed rice into the frypan and mix thoroughly.</li>
 	<li>Add sesame oil, soy sauce, chicken stock and Chinese five spice.</li>
</ol>
<h2>Serving Suggestion</h2>
This is a great recipe for using up whatever is in the kitchen pantry. Try substituting the ham with salami or Chinese sausage, or adding peas or chopped spring onion.

Best served with a dash of extra soy sauce and some pan fried gyoza.",yields,
"Fried Rice","Why buy take out when you can make your own fried rice? You can even easily sub-in your own choice of veggies and protein.","<blockquote>Why buy take out when you can make your own fried rice? You can even easily sub-in your own choice of veggies and protein.</blockquote>
<!--more-->
<h2>Ingredients</h2>
1 ½ cups plain white rice
1 onion, chopped
1 carrot, chopped
Handful of mushrooms, chopped
Handful of sliced ham, chopped
Half a red capsicum, chopped
2 eggs, beaten
½ teaspoon Chinese five spice
1 tbsp chicken stock
2 tsp sesame oil
1 tbsp soy sauce
<h2>Steps</h2>
<ol>
 	<li>Wash and steam rice.</li>
 	<li>Pour eggs into hot frypan and cook until set, then chop into pieces and put aside with the other chopped ingredients.</li>
 	<li>Add the onions and carrots to the frypan and cook for one minute. Add the rest of the vegetables and continue to cook.</li>
 	<li>Once the vegetables have cooked through, add the chopped egg and steamed rice into the frypan and mix thoroughly.</li>
 	<li>Add sesame oil, soy sauce, chicken stock and Chinese five spice.</li>
</ol>
<h2>Serving Suggestion</h2>
This is a great recipe for using up whatever is in the kitchen pantry. Try substituting the ham with salami or Chinese sausage, or adding peas or chopped spring onion.

Best served with a dash of extra soy sauce and some pan fried gyoza.",author,Leanne
"Fried Rice","Why buy take out when you can make your own fried rice? You can even easily sub-in your own choice of veggies and protein.","<blockquote>Why buy take out when you can make your own fried rice? You can even easily sub-in your own choice of veggies and protein.</blockquote>
<!--more-->
<h2>Ingredients</h2>
1 ½ cups plain white rice
1 onion, chopped
1 carrot, chopped
Handful of mushrooms, chopped
Handful of sliced ham, chopped
Half a red capsicum, chopped
2 eggs, beaten
½ teaspoon Chinese five spice
1 tbsp chicken stock
2 tsp sesame oil
1 tbsp soy sauce
<h2>Steps</h2>
<ol>
 	<li>Wash and steam rice.</li>
 	<li>Pour eggs into hot frypan and cook until set, then chop into pieces and put aside with the other chopped ingredients.</li>
 	<li>Add the onions and carrots to the frypan and cook for one minute. Add the rest of the vegetables and continue to cook.</li>
 	<li>Once the vegetables have cooked through, add the chopped egg and steamed rice into the frypan and mix thoroughly.</li>
 	<li>Add sesame oil, soy sauce, chicken stock and Chinese five spice.</li>
</ol>
<h2>Serving Suggestion</h2>
This is a great recipe for using up whatever is in the kitchen pantry. Try substituting the ham with salami or Chinese sausage, or adding peas or chopped spring onion.

Best served with a dash of extra soy sauce and some pan fried gyoza.",prep_time,20
"Fried Rice","Why buy take out when you can make your own fried rice? You can even easily sub-in your own choice of veggies and protein.","<blockquote>Why buy take out when you can make your own fried rice? You can even easily sub-in your own choice of veggies and protein.</blockquote>
<!--more-->
<h2>Ingredients</h2>
1 ½ cups plain white rice
1 onion, chopped
1 carrot, chopped
Handful of mushrooms, chopped
Handful of sliced ham, chopped
Half a red capsicum, chopped
2 eggs, beaten
½ teaspoon Chinese five spice
1 tbsp chicken stock
2 tsp sesame oil
1 tbsp soy sauce
<h2>Steps</h2>
<ol>
 	<li>Wash and steam rice.</li>
 	<li>Pour eggs into hot frypan and cook until set, then chop into pieces and put aside with the other chopped ingredients.</li>
 	<li>Add the onions and carrots to the frypan and cook for one minute. Add the rest of the vegetables and continue to cook.</li>
 	<li>Once the vegetables have cooked through, add the chopped egg and steamed rice into the frypan and mix thoroughly.</li>
 	<li>Add sesame oil, soy sauce, chicken stock and Chinese five spice.</li>
</ol>
<h2>Serving Suggestion</h2>
This is a great recipe for using up whatever is in the kitchen pantry. Try substituting the ham with salami or Chinese sausage, or adding peas or chopped spring onion.

Best served with a dash of extra soy sauce and some pan fried gyoza.",cook_time,20
"Porcupine Balls","Hearty, herby meatballs simmered in a tomato sauce and best served on a bed of hot fluffy mashed potato. The perfect Winter warmer!","<blockquote>Hearty, herby meatballs simmered in a tomato sauce and best served on a bed of hot fluffy mashed potato. The perfect Winter warmer!</blockquote>
<!--more-->
<h2>Ingredients</h2>
<h3>Meatballs</h3>
500g good quality beef mince
½ cup fresh multigrain breadcrumbs
½ cup raw rice - use basmati for lower GI
1 large onion, finely chopped
1 clove garlic, finely chopped
1 egg
1 tbsp dried mixed herbs (fresh if you have them) -- basil, oregano &amp; parsley
1 tbsp tomato sauce
<h3>Sauce</h3>
Worcestershire sauce
Salt &amp; pepper
Large can tomato soup and ½ can water
<h2>Steps</h2>
<ol>
 	<li>Combine all meatball ingredients and mix well. Use your hands to massage well as they will stick together much better that way. Shape into balls the size of walnuts. Place in layers in casserole dish.</li>
 	<li>Cover with soup &amp; water and a few good shakes of Worcestershire sauce. Cover and simmer for at least 45 minutes, or until the rice is tender.</li>
 	<li>Serve with mashed potatoes and green beans.</li>
</ol>
<h2>Serving Suggestion</h2>
Serve in a bowl with a generous amount of mashed potato.",yields,
"Porcupine Balls","Hearty, herby meatballs simmered in a tomato sauce and best served on a bed of hot fluffy mashed potato. The perfect Winter warmer!","<blockquote>Hearty, herby meatballs simmered in a tomato sauce and best served on a bed of hot fluffy mashed potato. The perfect Winter warmer!</blockquote>
<!--more-->
<h2>Ingredients</h2>
<h3>Meatballs</h3>
500g good quality beef mince
½ cup fresh multigrain breadcrumbs
½ cup raw rice - use basmati for lower GI
1 large onion, finely chopped
1 clove garlic, finely chopped
1 egg
1 tbsp dried mixed herbs (fresh if you have them) -- basil, oregano &amp; parsley
1 tbsp tomato sauce
<h3>Sauce</h3>
Worcestershire sauce
Salt &amp; pepper
Large can tomato soup and ½ can water
<h2>Steps</h2>
<ol>
 	<li>Combine all meatball ingredients and mix well. Use your hands to massage well as they will stick together much better that way. Shape into balls the size of walnuts. Place in layers in casserole dish.</li>
 	<li>Cover with soup &amp; water and a few good shakes of Worcestershire sauce. Cover and simmer for at least 45 minutes, or until the rice is tender.</li>
 	<li>Serve with mashed potatoes and green beans.</li>
</ol>
<h2>Serving Suggestion</h2>
Serve in a bowl with a generous amount of mashed potato.",author,Michaela
"Porcupine Balls","Hearty, herby meatballs simmered in a tomato sauce and best served on a bed of hot fluffy mashed potato. The perfect Winter warmer!","<blockquote>Hearty, herby meatballs simmered in a tomato sauce and best served on a bed of hot fluffy mashed potato. The perfect Winter warmer!</blockquote>
<!--more-->
<h2>Ingredients</h2>
<h3>Meatballs</h3>
500g good quality beef mince
½ cup fresh multigrain breadcrumbs
½ cup raw rice - use basmati for lower GI
1 large onion, finely chopped
1 clove garlic, finely chopped
1 egg
1 tbsp dried mixed herbs (fresh if you have them) -- basil, oregano &amp; parsley
1 tbsp tomato sauce
<h3>Sauce</h3>
Worcestershire sauce
Salt &amp; pepper
Large can tomato soup and ½ can water
<h2>Steps</h2>
<ol>
 	<li>Combine all meatball ingredients and mix well. Use your hands to massage well as they will stick together much better that way. Shape into balls the size of walnuts. Place in layers in casserole dish.</li>
 	<li>Cover with soup &amp; water and a few good shakes of Worcestershire sauce. Cover and simmer for at least 45 minutes, or until the rice is tender.</li>
 	<li>Serve with mashed potatoes and green beans.</li>
</ol>
<h2>Serving Suggestion</h2>
Serve in a bowl with a generous amount of mashed potato.",prep_time,15
"Porcupine Balls","Hearty, herby meatballs simmered in a tomato sauce and best served on a bed of hot fluffy mashed potato. The perfect Winter warmer!","<blockquote>Hearty, herby meatballs simmered in a tomato sauce and best served on a bed of hot fluffy mashed potato. The perfect Winter warmer!</blockquote>
<!--more-->
<h2>Ingredients</h2>
<h3>Meatballs</h3>
500g good quality beef mince
½ cup fresh multigrain breadcrumbs
½ cup raw rice - use basmati for lower GI
1 large onion, finely chopped
1 clove garlic, finely chopped
1 egg
1 tbsp dried mixed herbs (fresh if you have them) -- basil, oregano &amp; parsley
1 tbsp tomato sauce
<h3>Sauce</h3>
Worcestershire sauce
Salt &amp; pepper
Large can tomato soup and ½ can water
<h2>Steps</h2>
<ol>
 	<li>Combine all meatball ingredients and mix well. Use your hands to massage well as they will stick together much better that way. Shape into balls the size of walnuts. Place in layers in casserole dish.</li>
 	<li>Cover with soup &amp; water and a few good shakes of Worcestershire sauce. Cover and simmer for at least 45 minutes, or until the rice is tender.</li>
 	<li>Serve with mashed potatoes and green beans.</li>
</ol>
<h2>Serving Suggestion</h2>
Serve in a bowl with a generous amount of mashed potato.",cook_time,45
Meatloaf,"The meatloaf of meatloaves – perfectly seasoned beef slow cooked in the oven for over an hour, regularly glazed for a rich and slightly spicy outer layer.","<blockquote>The meatloaf of meatloaves – perfectly seasoned beef slow cooked in the oven for over an hour, regularly glazed for a rich and slightly spicy outer layer.</blockquote>
<!--more-->
<h2>Ingredients</h2>
<h3>Meatloaf</h3>
1 kg beef mince
1 cup breadcrumbs
1 large onion
2 eggs, beaten
½ cup water
½ cup milk
2 tsp curry powder
1 cup oats
2 tbsp parsley (dry or fresh)
Salt &amp; pepper
<h3>Sauce</h3>
¾ cup water
½ cup Worcestershire sauce
3 tsp vinegar
3 tsp lemon juice
½ cup tomato sauce
1 tbsp butter, melted
<h2>Steps</h2>
<ol>
 	<li>Preheat oven to 180°C (fan forced).</li>
 	<li>Combine meat, breadcrumbs, onion, oats, curry powder, salt, pepper and eggs together in a large bowl. Add milk and water. Place in a large baking tray/dish.</li>
 	<li>Combine all sauce ingredients in a saucepan and bring to the boil. Reduce heat and pour over meat. Baste occasionally.</li>
 	<li>Cook for about one hour or until cooked through.</li>
</ol>
<h2>Serving Suggestion</h2>
You can add any kind of vegetables to the meatloaf to mix things up. The recipe can be easily halved to make a smaller meatloaf for 2-3 people.

Best served with mashed potatoes and veggies.",yields,
Meatloaf,"The meatloaf of meatloaves – perfectly seasoned beef slow cooked in the oven for over an hour, regularly glazed for a rich and slightly spicy outer layer.","<blockquote>The meatloaf of meatloaves – perfectly seasoned beef slow cooked in the oven for over an hour, regularly glazed for a rich and slightly spicy outer layer.</blockquote>
<!--more-->
<h2>Ingredients</h2>
<h3>Meatloaf</h3>
1 kg beef mince
1 cup breadcrumbs
1 large onion
2 eggs, beaten
½ cup water
½ cup milk
2 tsp curry powder
1 cup oats
2 tbsp parsley (dry or fresh)
Salt &amp; pepper
<h3>Sauce</h3>
¾ cup water
½ cup Worcestershire sauce
3 tsp vinegar
3 tsp lemon juice
½ cup tomato sauce
1 tbsp butter, melted
<h2>Steps</h2>
<ol>
 	<li>Preheat oven to 180°C (fan forced).</li>
 	<li>Combine meat, breadcrumbs, onion, oats, curry powder, salt, pepper and eggs together in a large bowl. Add milk and water. Place in a large baking tray/dish.</li>
 	<li>Combine all sauce ingredients in a saucepan and bring to the boil. Reduce heat and pour over meat. Baste occasionally.</li>
 	<li>Cook for about one hour or until cooked through.</li>
</ol>
<h2>Serving Suggestion</h2>
You can add any kind of vegetables to the meatloaf to mix things up. The recipe can be easily halved to make a smaller meatloaf for 2-3 people.

Best served with mashed potatoes and veggies.",author,Michaela
Meatloaf,"The meatloaf of meatloaves – perfectly seasoned beef slow cooked in the oven for over an hour, regularly glazed for a rich and slightly spicy outer layer.","<blockquote>The meatloaf of meatloaves – perfectly seasoned beef slow cooked in the oven for over an hour, regularly glazed for a rich and slightly spicy outer layer.</blockquote>
<!--more-->
<h2>Ingredients</h2>
<h3>Meatloaf</h3>
1 kg beef mince
1 cup breadcrumbs
1 large onion
2 eggs, beaten
½ cup water
½ cup milk
2 tsp curry powder
1 cup oats
2 tbsp parsley (dry or fresh)
Salt &amp; pepper
<h3>Sauce</h3>
¾ cup water
½ cup Worcestershire sauce
3 tsp vinegar
3 tsp lemon juice
½ cup tomato sauce
1 tbsp butter, melted
<h2>Steps</h2>
<ol>
 	<li>Preheat oven to 180°C (fan forced).</li>
 	<li>Combine meat, breadcrumbs, onion, oats, curry powder, salt, pepper and eggs together in a large bowl. Add milk and water. Place in a large baking tray/dish.</li>
 	<li>Combine all sauce ingredients in a saucepan and bring to the boil. Reduce heat and pour over meat. Baste occasionally.</li>
 	<li>Cook for about one hour or until cooked through.</li>
</ol>
<h2>Serving Suggestion</h2>
You can add any kind of vegetables to the meatloaf to mix things up. The recipe can be easily halved to make a smaller meatloaf for 2-3 people.

Best served with mashed potatoes and veggies.",prep_time,15
Meatloaf,"The meatloaf of meatloaves – perfectly seasoned beef slow cooked in the oven for over an hour, regularly glazed for a rich and slightly spicy outer layer.","<blockquote>The meatloaf of meatloaves – perfectly seasoned beef slow cooked in the oven for over an hour, regularly glazed for a rich and slightly spicy outer layer.</blockquote>
<!--more-->
<h2>Ingredients</h2>
<h3>Meatloaf</h3>
1 kg beef mince
1 cup breadcrumbs
1 large onion
2 eggs, beaten
½ cup water
½ cup milk
2 tsp curry powder
1 cup oats
2 tbsp parsley (dry or fresh)
Salt &amp; pepper
<h3>Sauce</h3>
¾ cup water
½ cup Worcestershire sauce
3 tsp vinegar
3 tsp lemon juice
½ cup tomato sauce
1 tbsp butter, melted
<h2>Steps</h2>
<ol>
 	<li>Preheat oven to 180°C (fan forced).</li>
 	<li>Combine meat, breadcrumbs, onion, oats, curry powder, salt, pepper and eggs together in a large bowl. Add milk and water. Place in a large baking tray/dish.</li>
 	<li>Combine all sauce ingredients in a saucepan and bring to the boil. Reduce heat and pour over meat. Baste occasionally.</li>
 	<li>Cook for about one hour or until cooked through.</li>
</ol>
<h2>Serving Suggestion</h2>
You can add any kind of vegetables to the meatloaf to mix things up. The recipe can be easily halved to make a smaller meatloaf for 2-3 people.

Best served with mashed potatoes and veggies.",cook_time,60
"Pan-Fried Gyoza","Chicken, carrot and spring onion filled dumplings, twice pan-fried and steamed to perfection. Make sure you get the whole family involved – the more hands helping, the sooner you can eat them!","<blockquote>Chicken, carrot and spring onion filled dumplings, twice pan-fried and steamed to perfection. Make sure you get the whole family involved – the more hands helping, the sooner you can eat them!</blockquote>
<!--more-->
<h2>Ingredients</h2>
500g chicken mince
1 carrot, grated
spring onion, finely chopped
120g hoisin sauce
2 packets of Double Merinos Fresh Gow Gee Pastry (30pcs)

Soy sauce and sushi seasoning to serve
<h2>Steps</h2>
<div id="steps" class="entry-content">
<ol>
 	<li>In a bowl, mix together the chicken, carrot, spring onion and hoisin sauce.</li>
 	<li>In the centre of each pastry, place a teaspoon full of the mixture, line the edge with water, then fold in half and pleat the edges.</li>
 	<li>In a hot electric pan, add oil and fill the pan with gyoza in a single layer. Pan fry until the bottoms are golden.</li>
 	<li>Add 1cm of boiling water and cover. Cook until the water evaporates. Add another 1cm of water and repeat.</li>
 	<li>Remove the lid and add another dash of oil and fry to finish.</li>
</ol>
<h2>Serving Suggestion</h2>
Best served with a 1:1 mixture of soy sauce and sushi seasoning.

</div>",yields,60
"Pan-Fried Gyoza","Chicken, carrot and spring onion filled dumplings, twice pan-fried and steamed to perfection. Make sure you get the whole family involved – the more hands helping, the sooner you can eat them!","<blockquote>Chicken, carrot and spring onion filled dumplings, twice pan-fried and steamed to perfection. Make sure you get the whole family involved – the more hands helping, the sooner you can eat them!</blockquote>
<!--more-->
<h2>Ingredients</h2>
500g chicken mince
1 carrot, grated
spring onion, finely chopped
120g hoisin sauce
2 packets of Double Merinos Fresh Gow Gee Pastry (30pcs)

Soy sauce and sushi seasoning to serve
<h2>Steps</h2>
<div id="steps" class="entry-content">
<ol>
 	<li>In a bowl, mix together the chicken, carrot, spring onion and hoisin sauce.</li>
 	<li>In the centre of each pastry, place a teaspoon full of the mixture, line the edge with water, then fold in half and pleat the edges.</li>
 	<li>In a hot electric pan, add oil and fill the pan with gyoza in a single layer. Pan fry until the bottoms are golden.</li>
 	<li>Add 1cm of boiling water and cover. Cook until the water evaporates. Add another 1cm of water and repeat.</li>
 	<li>Remove the lid and add another dash of oil and fry to finish.</li>
</ol>
<h2>Serving Suggestion</h2>
Best served with a 1:1 mixture of soy sauce and sushi seasoning.

</div>",author,Leanne
"Pan-Fried Gyoza","Chicken, carrot and spring onion filled dumplings, twice pan-fried and steamed to perfection. Make sure you get the whole family involved – the more hands helping, the sooner you can eat them!","<blockquote>Chicken, carrot and spring onion filled dumplings, twice pan-fried and steamed to perfection. Make sure you get the whole family involved – the more hands helping, the sooner you can eat them!</blockquote>
<!--more-->
<h2>Ingredients</h2>
500g chicken mince
1 carrot, grated
spring onion, finely chopped
120g hoisin sauce
2 packets of Double Merinos Fresh Gow Gee Pastry (30pcs)

Soy sauce and sushi seasoning to serve
<h2>Steps</h2>
<div id="steps" class="entry-content">
<ol>
 	<li>In a bowl, mix together the chicken, carrot, spring onion and hoisin sauce.</li>
 	<li>In the centre of each pastry, place a teaspoon full of the mixture, line the edge with water, then fold in half and pleat the edges.</li>
 	<li>In a hot electric pan, add oil and fill the pan with gyoza in a single layer. Pan fry until the bottoms are golden.</li>
 	<li>Add 1cm of boiling water and cover. Cook until the water evaporates. Add another 1cm of water and repeat.</li>
 	<li>Remove the lid and add another dash of oil and fry to finish.</li>
</ol>
<h2>Serving Suggestion</h2>
Best served with a 1:1 mixture of soy sauce and sushi seasoning.

</div>",prep_time,40
"Pan-Fried Gyoza","Chicken, carrot and spring onion filled dumplings, twice pan-fried and steamed to perfection. Make sure you get the whole family involved – the more hands helping, the sooner you can eat them!","<blockquote>Chicken, carrot and spring onion filled dumplings, twice pan-fried and steamed to perfection. Make sure you get the whole family involved – the more hands helping, the sooner you can eat them!</blockquote>
<!--more-->
<h2>Ingredients</h2>
500g chicken mince
1 carrot, grated
spring onion, finely chopped
120g hoisin sauce
2 packets of Double Merinos Fresh Gow Gee Pastry (30pcs)

Soy sauce and sushi seasoning to serve
<h2>Steps</h2>
<div id="steps" class="entry-content">
<ol>
 	<li>In a bowl, mix together the chicken, carrot, spring onion and hoisin sauce.</li>
 	<li>In the centre of each pastry, place a teaspoon full of the mixture, line the edge with water, then fold in half and pleat the edges.</li>
 	<li>In a hot electric pan, add oil and fill the pan with gyoza in a single layer. Pan fry until the bottoms are golden.</li>
 	<li>Add 1cm of boiling water and cover. Cook until the water evaporates. Add another 1cm of water and repeat.</li>
 	<li>Remove the lid and add another dash of oil and fry to finish.</li>
</ol>
<h2>Serving Suggestion</h2>
Best served with a 1:1 mixture of soy sauce and sushi seasoning.

</div>",cook_time,20
Pancakes,"Perfect for breakfast or dessert (or just because!), fluffy, golden pancakes should be a staple in everyone’s cooking repertoire.","<blockquote>Perfect for breakfast or dessert (or just because!), fluffy, golden pancakes should be a staple in everyone’s cooking repertoire.</blockquote>
<!--more-->
<h2>Ingredients</h2>
2 cups self-raising flour
1/3 cup sugar
Pinch of salt
2 cups milk
2 eggs, separated
<h2>Steps</h2>
<ol>
 	<li>Combine all dry ingredients in a large mixing bowl.</li>
 	<li>In a separate mixing bowl, beat the egg yolks and then add the milk. Once combined, add the mixture into the dry ingredients and mix well with a whisk.</li>
 	<li>Beat the egg whites with an electric beater until stiff white peaks form, then fold the whites into the batter.</li>
 	<li>Heat a frying pan to a warm temperature (less than half) and melt a small amount of butter to grease the pan. Pour small amounts of the batter into the pan and fry until bubbles rise to the tops, then flip over and cook until golden brown.</li>
</ol>
<h2>Serving Suggestion</h2>
<div id="serving-suggestion" class="entry-content">

Serve with ice-cream and maple syrup. And sprinkles. And chocolate topping. And fresh cut strawberries. And sliced banana.

You get the idea.

</div>",yields,15
Pancakes,"Perfect for breakfast or dessert (or just because!), fluffy, golden pancakes should be a staple in everyone’s cooking repertoire.","<blockquote>Perfect for breakfast or dessert (or just because!), fluffy, golden pancakes should be a staple in everyone’s cooking repertoire.</blockquote>
<!--more-->
<h2>Ingredients</h2>
2 cups self-raising flour
1/3 cup sugar
Pinch of salt
2 cups milk
2 eggs, separated
<h2>Steps</h2>
<ol>
 	<li>Combine all dry ingredients in a large mixing bowl.</li>
 	<li>In a separate mixing bowl, beat the egg yolks and then add the milk. Once combined, add the mixture into the dry ingredients and mix well with a whisk.</li>
 	<li>Beat the egg whites with an electric beater until stiff white peaks form, then fold the whites into the batter.</li>
 	<li>Heat a frying pan to a warm temperature (less than half) and melt a small amount of butter to grease the pan. Pour small amounts of the batter into the pan and fry until bubbles rise to the tops, then flip over and cook until golden brown.</li>
</ol>
<h2>Serving Suggestion</h2>
<div id="serving-suggestion" class="entry-content">

Serve with ice-cream and maple syrup. And sprinkles. And chocolate topping. And fresh cut strawberries. And sliced banana.

You get the idea.

</div>",author,Dan
Pancakes,"Perfect for breakfast or dessert (or just because!), fluffy, golden pancakes should be a staple in everyone’s cooking repertoire.","<blockquote>Perfect for breakfast or dessert (or just because!), fluffy, golden pancakes should be a staple in everyone’s cooking repertoire.</blockquote>
<!--more-->
<h2>Ingredients</h2>
2 cups self-raising flour
1/3 cup sugar
Pinch of salt
2 cups milk
2 eggs, separated
<h2>Steps</h2>
<ol>
 	<li>Combine all dry ingredients in a large mixing bowl.</li>
 	<li>In a separate mixing bowl, beat the egg yolks and then add the milk. Once combined, add the mixture into the dry ingredients and mix well with a whisk.</li>
 	<li>Beat the egg whites with an electric beater until stiff white peaks form, then fold the whites into the batter.</li>
 	<li>Heat a frying pan to a warm temperature (less than half) and melt a small amount of butter to grease the pan. Pour small amounts of the batter into the pan and fry until bubbles rise to the tops, then flip over and cook until golden brown.</li>
</ol>
<h2>Serving Suggestion</h2>
<div id="serving-suggestion" class="entry-content">

Serve with ice-cream and maple syrup. And sprinkles. And chocolate topping. And fresh cut strawberries. And sliced banana.

You get the idea.

</div>",prep_time,10
Pancakes,"Perfect for breakfast or dessert (or just because!), fluffy, golden pancakes should be a staple in everyone’s cooking repertoire.","<blockquote>Perfect for breakfast or dessert (or just because!), fluffy, golden pancakes should be a staple in everyone’s cooking repertoire.</blockquote>
<!--more-->
<h2>Ingredients</h2>
2 cups self-raising flour
1/3 cup sugar
Pinch of salt
2 cups milk
2 eggs, separated
<h2>Steps</h2>
<ol>
 	<li>Combine all dry ingredients in a large mixing bowl.</li>
 	<li>In a separate mixing bowl, beat the egg yolks and then add the milk. Once combined, add the mixture into the dry ingredients and mix well with a whisk.</li>
 	<li>Beat the egg whites with an electric beater until stiff white peaks form, then fold the whites into the batter.</li>
 	<li>Heat a frying pan to a warm temperature (less than half) and melt a small amount of butter to grease the pan. Pour small amounts of the batter into the pan and fry until bubbles rise to the tops, then flip over and cook until golden brown.</li>
</ol>
<h2>Serving Suggestion</h2>
<div id="serving-suggestion" class="entry-content">

Serve with ice-cream and maple syrup. And sprinkles. And chocolate topping. And fresh cut strawberries. And sliced banana.

You get the idea.

</div>",cook_time,20
"Roasted Pumpkin Salad","Oven-roasted pumpkin, baby spinach and toasted pine nuts, all dressed gently in a honey and balsamic glaze.","<blockquote>Oven-roasted pumpkin, baby spinach and toasted pine nuts, all dressed gently in a honey and balsamic glaze.</blockquote>
<!--more-->
<h2>Ingredients</h2>
<h3>Salad</h3>
1.75kg butternut pumpkin, descended, cut into 2cm thick pieces
Olive oil cooking spray
1/2 cup pine nuts
200g baby spinach
<h3>Dressing</h3>
1/4 cup honey
2 tbsp balsamic vinegar
1 tbsp olive oil
<h2>Steps</h2>
<ol>
 	<li>Preheat oven to 200°C. Line two baking trays with baking paper. Place pumpkin in a single layer on trays. Spray with oil and turn to coat. Season with salt and pepper. Roast pumpkin, turning once, for twenty minutes or until golden and tender. Set aside to cool to room temperature.</li>
 	<li>Meanwhile, heat a small, non-stick frying pan over medium heat. Add pine nuts. Cook, stirring, for three minutes or until golden.</li>
 	<li>Make honey and balsamic dressing: Combine honey, vinegar and oil in a screw-top jar. Secure lid and shake to combine. Remove lid. Microwave on high (100%) for ten seconds or until honey is melted. Replace lid. Shake until well combined.</li>
 	<li>Place spinach and pumpkin in a large bowl. Sprinkle with pine nuts. Drizzle with dressing. Season with salt and pepper. Serve.</li>
</ol>",yields,12
"Roasted Pumpkin Salad","Oven-roasted pumpkin, baby spinach and toasted pine nuts, all dressed gently in a honey and balsamic glaze.","<blockquote>Oven-roasted pumpkin, baby spinach and toasted pine nuts, all dressed gently in a honey and balsamic glaze.</blockquote>
<!--more-->
<h2>Ingredients</h2>
<h3>Salad</h3>
1.75kg butternut pumpkin, descended, cut into 2cm thick pieces
Olive oil cooking spray
1/2 cup pine nuts
200g baby spinach
<h3>Dressing</h3>
1/4 cup honey
2 tbsp balsamic vinegar
1 tbsp olive oil
<h2>Steps</h2>
<ol>
 	<li>Preheat oven to 200°C. Line two baking trays with baking paper. Place pumpkin in a single layer on trays. Spray with oil and turn to coat. Season with salt and pepper. Roast pumpkin, turning once, for twenty minutes or until golden and tender. Set aside to cool to room temperature.</li>
 	<li>Meanwhile, heat a small, non-stick frying pan over medium heat. Add pine nuts. Cook, stirring, for three minutes or until golden.</li>
 	<li>Make honey and balsamic dressing: Combine honey, vinegar and oil in a screw-top jar. Secure lid and shake to combine. Remove lid. Microwave on high (100%) for ten seconds or until honey is melted. Replace lid. Shake until well combined.</li>
 	<li>Place spinach and pumpkin in a large bowl. Sprinkle with pine nuts. Drizzle with dressing. Season with salt and pepper. Serve.</li>
</ol>",author,Michaela
"Roasted Pumpkin Salad","Oven-roasted pumpkin, baby spinach and toasted pine nuts, all dressed gently in a honey and balsamic glaze.","<blockquote>Oven-roasted pumpkin, baby spinach and toasted pine nuts, all dressed gently in a honey and balsamic glaze.</blockquote>
<!--more-->
<h2>Ingredients</h2>
<h3>Salad</h3>
1.75kg butternut pumpkin, descended, cut into 2cm thick pieces
Olive oil cooking spray
1/2 cup pine nuts
200g baby spinach
<h3>Dressing</h3>
1/4 cup honey
2 tbsp balsamic vinegar
1 tbsp olive oil
<h2>Steps</h2>
<ol>
 	<li>Preheat oven to 200°C. Line two baking trays with baking paper. Place pumpkin in a single layer on trays. Spray with oil and turn to coat. Season with salt and pepper. Roast pumpkin, turning once, for twenty minutes or until golden and tender. Set aside to cool to room temperature.</li>
 	<li>Meanwhile, heat a small, non-stick frying pan over medium heat. Add pine nuts. Cook, stirring, for three minutes or until golden.</li>
 	<li>Make honey and balsamic dressing: Combine honey, vinegar and oil in a screw-top jar. Secure lid and shake to combine. Remove lid. Microwave on high (100%) for ten seconds or until honey is melted. Replace lid. Shake until well combined.</li>
 	<li>Place spinach and pumpkin in a large bowl. Sprinkle with pine nuts. Drizzle with dressing. Season with salt and pepper. Serve.</li>
</ol>",prep_time,10
"Roasted Pumpkin Salad","Oven-roasted pumpkin, baby spinach and toasted pine nuts, all dressed gently in a honey and balsamic glaze.","<blockquote>Oven-roasted pumpkin, baby spinach and toasted pine nuts, all dressed gently in a honey and balsamic glaze.</blockquote>
<!--more-->
<h2>Ingredients</h2>
<h3>Salad</h3>
1.75kg butternut pumpkin, descended, cut into 2cm thick pieces
Olive oil cooking spray
1/2 cup pine nuts
200g baby spinach
<h3>Dressing</h3>
1/4 cup honey
2 tbsp balsamic vinegar
1 tbsp olive oil
<h2>Steps</h2>
<ol>
 	<li>Preheat oven to 200°C. Line two baking trays with baking paper. Place pumpkin in a single layer on trays. Spray with oil and turn to coat. Season with salt and pepper. Roast pumpkin, turning once, for twenty minutes or until golden and tender. Set aside to cool to room temperature.</li>
 	<li>Meanwhile, heat a small, non-stick frying pan over medium heat. Add pine nuts. Cook, stirring, for three minutes or until golden.</li>
 	<li>Make honey and balsamic dressing: Combine honey, vinegar and oil in a screw-top jar. Secure lid and shake to combine. Remove lid. Microwave on high (100%) for ten seconds or until honey is melted. Replace lid. Shake until well combined.</li>
 	<li>Place spinach and pumpkin in a large bowl. Sprinkle with pine nuts. Drizzle with dressing. Season with salt and pepper. Serve.</li>
</ol>",cook_time,30
Hamburgers,"There’s no better burger than a homemade burger. They’re never dry, never break apart when cooking on the grill, they’re simply fresh and delicious.","<blockquote>There’s no better burger than a homemade burger. They’re never dry, never break apart when cooking on the grill, they’re simply fresh and delicious.</blockquote>
<!--more-->
<h2>Ingredients</h2>
500g beef mince
1 onion, finely chopped
1 carrot, finely chopped
1 apple, finely chopped
2 eggs
2 slices of bread
2 tbsp soy sauce
1 tbsp Worcestershire sauce
½ cup tomato sauce
2 tsp Vegeta vegetable stock
<h2>Steps</h2>
<ol>
 	<li>Peel the apple, carrot and onion.</li>
 	<li>Blend the apple, carrot, onion and bread separately in a food processor.</li>
 	<li>Combine all ingredients by hand in a large mixing bowl. Make sure you mix everything thoroughly, otherwise they’ll fall apart when you cook them!</li>
 	<li>Break off a small handful of the mixture and roll it into a ball. Set aside on a plate and repeat until all of the mixture is used.</li>
 	<li>Fry them off either on the barbeque or a frying pan with a generous amount of olive oil.</li>
</ol>
<h2>Serving Suggestion</h2>
<div id="serving-suggestion" class="entry-content">So good you can eat them on their own with a dab of tomato sauce. Alternatively, throw them in a toasted bun with your favourite burger condiments.</div>",yields,12
Hamburgers,"There’s no better burger than a homemade burger. They’re never dry, never break apart when cooking on the grill, they’re simply fresh and delicious.","<blockquote>There’s no better burger than a homemade burger. They’re never dry, never break apart when cooking on the grill, they’re simply fresh and delicious.</blockquote>
<!--more-->
<h2>Ingredients</h2>
500g beef mince
1 onion, finely chopped
1 carrot, finely chopped
1 apple, finely chopped
2 eggs
2 slices of bread
2 tbsp soy sauce
1 tbsp Worcestershire sauce
½ cup tomato sauce
2 tsp Vegeta vegetable stock
<h2>Steps</h2>
<ol>
 	<li>Peel the apple, carrot and onion.</li>
 	<li>Blend the apple, carrot, onion and bread separately in a food processor.</li>
 	<li>Combine all ingredients by hand in a large mixing bowl. Make sure you mix everything thoroughly, otherwise they’ll fall apart when you cook them!</li>
 	<li>Break off a small handful of the mixture and roll it into a ball. Set aside on a plate and repeat until all of the mixture is used.</li>
 	<li>Fry them off either on the barbeque or a frying pan with a generous amount of olive oil.</li>
</ol>
<h2>Serving Suggestion</h2>
<div id="serving-suggestion" class="entry-content">So good you can eat them on their own with a dab of tomato sauce. Alternatively, throw them in a toasted bun with your favourite burger condiments.</div>",author,Leanne
Hamburgers,"There’s no better burger than a homemade burger. They’re never dry, never break apart when cooking on the grill, they’re simply fresh and delicious.","<blockquote>There’s no better burger than a homemade burger. They’re never dry, never break apart when cooking on the grill, they’re simply fresh and delicious.</blockquote>
<!--more-->
<h2>Ingredients</h2>
500g beef mince
1 onion, finely chopped
1 carrot, finely chopped
1 apple, finely chopped
2 eggs
2 slices of bread
2 tbsp soy sauce
1 tbsp Worcestershire sauce
½ cup tomato sauce
2 tsp Vegeta vegetable stock
<h2>Steps</h2>
<ol>
 	<li>Peel the apple, carrot and onion.</li>
 	<li>Blend the apple, carrot, onion and bread separately in a food processor.</li>
 	<li>Combine all ingredients by hand in a large mixing bowl. Make sure you mix everything thoroughly, otherwise they’ll fall apart when you cook them!</li>
 	<li>Break off a small handful of the mixture and roll it into a ball. Set aside on a plate and repeat until all of the mixture is used.</li>
 	<li>Fry them off either on the barbeque or a frying pan with a generous amount of olive oil.</li>
</ol>
<h2>Serving Suggestion</h2>
<div id="serving-suggestion" class="entry-content">So good you can eat them on their own with a dab of tomato sauce. Alternatively, throw them in a toasted bun with your favourite burger condiments.</div>",prep_time,20
Hamburgers,"There’s no better burger than a homemade burger. They’re never dry, never break apart when cooking on the grill, they’re simply fresh and delicious.","<blockquote>There’s no better burger than a homemade burger. They’re never dry, never break apart when cooking on the grill, they’re simply fresh and delicious.</blockquote>
<!--more-->
<h2>Ingredients</h2>
500g beef mince
1 onion, finely chopped
1 carrot, finely chopped
1 apple, finely chopped
2 eggs
2 slices of bread
2 tbsp soy sauce
1 tbsp Worcestershire sauce
½ cup tomato sauce
2 tsp Vegeta vegetable stock
<h2>Steps</h2>
<ol>
 	<li>Peel the apple, carrot and onion.</li>
 	<li>Blend the apple, carrot, onion and bread separately in a food processor.</li>
 	<li>Combine all ingredients by hand in a large mixing bowl. Make sure you mix everything thoroughly, otherwise they’ll fall apart when you cook them!</li>
 	<li>Break off a small handful of the mixture and roll it into a ball. Set aside on a plate and repeat until all of the mixture is used.</li>
 	<li>Fry them off either on the barbeque or a frying pan with a generous amount of olive oil.</li>
</ol>
<h2>Serving Suggestion</h2>
<div id="serving-suggestion" class="entry-content">So good you can eat them on their own with a dab of tomato sauce. Alternatively, throw them in a toasted bun with your favourite burger condiments.</div>",cook_time,15
"Chocolate Fudge","Chocolate fudge in five minutes with only three ingredients? So yum you won’t want to share!","<blockquote>Chocolate fudge in five minutes with only three ingredients? So yum you won’t want to share!</blockquote>
<!--more-->
<h2>Ingredients</h2>
60g unsalted cooking butter
375g chocolate melts
1 tin condensed milk
<h2>Steps</h2>
<ol>
 	<li>Add all ingredients to a microwave safe container and microwave for three minutes.</li>
 	<li>Stir mixture using a metal spoon until combined and pour into a flat tray lined with baking paper.</li>
 	<li>Refrigerate until completely set and cold to touch.</li>
 	<li>Remove fudge from the tray and cut into 4cm cubes. Store in refrigerator in a sealed container.</li>
</ol>
<h2>Serving Suggestion</h2>
I suggest you eat them quickly before someone else does!",yields,32
"Chocolate Fudge","Chocolate fudge in five minutes with only three ingredients? So yum you won’t want to share!","<blockquote>Chocolate fudge in five minutes with only three ingredients? So yum you won’t want to share!</blockquote>
<!--more-->
<h2>Ingredients</h2>
60g unsalted cooking butter
375g chocolate melts
1 tin condensed milk
<h2>Steps</h2>
<ol>
 	<li>Add all ingredients to a microwave safe container and microwave for three minutes.</li>
 	<li>Stir mixture using a metal spoon until combined and pour into a flat tray lined with baking paper.</li>
 	<li>Refrigerate until completely set and cold to touch.</li>
 	<li>Remove fudge from the tray and cut into 4cm cubes. Store in refrigerator in a sealed container.</li>
</ol>
<h2>Serving Suggestion</h2>
I suggest you eat them quickly before someone else does!",author,Leanne
"Chocolate Fudge","Chocolate fudge in five minutes with only three ingredients? So yum you won’t want to share!","<blockquote>Chocolate fudge in five minutes with only three ingredients? So yum you won’t want to share!</blockquote>
<!--more-->
<h2>Ingredients</h2>
60g unsalted cooking butter
375g chocolate melts
1 tin condensed milk
<h2>Steps</h2>
<ol>
 	<li>Add all ingredients to a microwave safe container and microwave for three minutes.</li>
 	<li>Stir mixture using a metal spoon until combined and pour into a flat tray lined with baking paper.</li>
 	<li>Refrigerate until completely set and cold to touch.</li>
 	<li>Remove fudge from the tray and cut into 4cm cubes. Store in refrigerator in a sealed container.</li>
</ol>
<h2>Serving Suggestion</h2>
I suggest you eat them quickly before someone else does!",prep_time,5
"Chocolate Fudge","Chocolate fudge in five minutes with only three ingredients? So yum you won’t want to share!","<blockquote>Chocolate fudge in five minutes with only three ingredients? So yum you won’t want to share!</blockquote>
<!--more-->
<h2>Ingredients</h2>
60g unsalted cooking butter
375g chocolate melts
1 tin condensed milk
<h2>Steps</h2>
<ol>
 	<li>Add all ingredients to a microwave safe container and microwave for three minutes.</li>
 	<li>Stir mixture using a metal spoon until combined and pour into a flat tray lined with baking paper.</li>
 	<li>Refrigerate until completely set and cold to touch.</li>
 	<li>Remove fudge from the tray and cut into 4cm cubes. Store in refrigerator in a sealed container.</li>
</ol>
<h2>Serving Suggestion</h2>
I suggest you eat them quickly before someone else does!",cook_time,120
"Tandoori Chicken Pasta","Mild or super spicy? However you like it, this is an easy pasta dish you can throw together quickly, and devour slowly.","<blockquote>Mild or super spicy? However you like it, this is an easy pasta dish you can throw together quickly, and devour slowly.</blockquote>
<!--more-->
<h2>Ingredients</h2>
250g chicken breast, diced
spring onion, finely chopped
500ml cooking cream
2 tbsp (heaped) Sharwood's Tandoori Paste
½ tsp salt
375g fettuccine pasta
<h2>Steps</h2>
<ol>
 	<li>Set a large pot of water on the stove on a high heat to boil.</li>
 	<li>In a separate pot, add the chicken, tandoori paste and a dash of olive oil and mix thoroughly. Once combined, cook on a high heat until the chicken has cooked through.</li>
 	<li>Add the cooking cream, salt and a handful of spring onion. Stir and simmer for 10 minutes.</li>
 	<li>Add the fettuccine to the boiling water and cook per the packet’s instructions. Drain the pasta and combine with the tandoori chicken.</li>
</ol>
<h2>Serving Suggestion</h2>
<div id="serving-suggestion" class="entry-content">Garnish with shaved parmesan and freshly chopped spring onion and serve with a side of roti bread.</div>",yields,2
"Tandoori Chicken Pasta","Mild or super spicy? However you like it, this is an easy pasta dish you can throw together quickly, and devour slowly.","<blockquote>Mild or super spicy? However you like it, this is an easy pasta dish you can throw together quickly, and devour slowly.</blockquote>
<!--more-->
<h2>Ingredients</h2>
250g chicken breast, diced
spring onion, finely chopped
500ml cooking cream
2 tbsp (heaped) Sharwood's Tandoori Paste
½ tsp salt
375g fettuccine pasta
<h2>Steps</h2>
<ol>
 	<li>Set a large pot of water on the stove on a high heat to boil.</li>
 	<li>In a separate pot, add the chicken, tandoori paste and a dash of olive oil and mix thoroughly. Once combined, cook on a high heat until the chicken has cooked through.</li>
 	<li>Add the cooking cream, salt and a handful of spring onion. Stir and simmer for 10 minutes.</li>
 	<li>Add the fettuccine to the boiling water and cook per the packet’s instructions. Drain the pasta and combine with the tandoori chicken.</li>
</ol>
<h2>Serving Suggestion</h2>
<div id="serving-suggestion" class="entry-content">Garnish with shaved parmesan and freshly chopped spring onion and serve with a side of roti bread.</div>",author,Kahlia
"Tandoori Chicken Pasta","Mild or super spicy? However you like it, this is an easy pasta dish you can throw together quickly, and devour slowly.","<blockquote>Mild or super spicy? However you like it, this is an easy pasta dish you can throw together quickly, and devour slowly.</blockquote>
<!--more-->
<h2>Ingredients</h2>
250g chicken breast, diced
spring onion, finely chopped
500ml cooking cream
2 tbsp (heaped) Sharwood's Tandoori Paste
½ tsp salt
375g fettuccine pasta
<h2>Steps</h2>
<ol>
 	<li>Set a large pot of water on the stove on a high heat to boil.</li>
 	<li>In a separate pot, add the chicken, tandoori paste and a dash of olive oil and mix thoroughly. Once combined, cook on a high heat until the chicken has cooked through.</li>
 	<li>Add the cooking cream, salt and a handful of spring onion. Stir and simmer for 10 minutes.</li>
 	<li>Add the fettuccine to the boiling water and cook per the packet’s instructions. Drain the pasta and combine with the tandoori chicken.</li>
</ol>
<h2>Serving Suggestion</h2>
<div id="serving-suggestion" class="entry-content">Garnish with shaved parmesan and freshly chopped spring onion and serve with a side of roti bread.</div>",prep_time,10
"Tandoori Chicken Pasta","Mild or super spicy? However you like it, this is an easy pasta dish you can throw together quickly, and devour slowly.","<blockquote>Mild or super spicy? However you like it, this is an easy pasta dish you can throw together quickly, and devour slowly.</blockquote>
<!--more-->
<h2>Ingredients</h2>
250g chicken breast, diced
spring onion, finely chopped
500ml cooking cream
2 tbsp (heaped) Sharwood's Tandoori Paste
½ tsp salt
375g fettuccine pasta
<h2>Steps</h2>
<ol>
 	<li>Set a large pot of water on the stove on a high heat to boil.</li>
 	<li>In a separate pot, add the chicken, tandoori paste and a dash of olive oil and mix thoroughly. Once combined, cook on a high heat until the chicken has cooked through.</li>
 	<li>Add the cooking cream, salt and a handful of spring onion. Stir and simmer for 10 minutes.</li>
 	<li>Add the fettuccine to the boiling water and cook per the packet’s instructions. Drain the pasta and combine with the tandoori chicken.</li>
</ol>
<h2>Serving Suggestion</h2>
<div id="serving-suggestion" class="entry-content">Garnish with shaved parmesan and freshly chopped spring onion and serve with a side of roti bread.</div>",cook_time,20
Scones,"No rubbing the butter into the flour, no lemonade; this foolproof recipe makes perfect scones every time.","<blockquote>No rubbing the butter into the flour, no lemonade; this foolproof recipe makes perfect scones every time.</blockquote>
<!--more-->
<h2>Ingredients</h2>
4 cups self-raising flour, sifted
½ tsp salt
1 cup pouring cream
375ml-400ml (or 1½ cups) milk
Double cream and raspberry jam to serve
<h2>Steps</h2>
<ol>
 	<li>Preheat fan-forced oven to 230°C. Lightly grease large flat oven tray.</li>
 	<li>Combine flour and salt in a large bowl. Add cream and 375ml milk. Use a flat-bladed knife to stir to a soft dough adding more milk if necessary. Turn onto a lightly floured surface and knead gently until dough comes together.</li>
 	<li>Press dough out to 2cm-thick. Using a 5.5cm round scone cutter, cut as many scones from dough as possible. Press dough scraps together gently, rolling it 2.5cm-thick and cut more scones. Repeat rolling the dough 5mm thicker each time until you have used all the dough. Place onto tray just touching each other.</li>
 	<li>Bake for 12-15 minutes until golden and well risen. Serve hot with cream and jam.</li>
</ol>
<h2>Serving Suggestion</h2>
Cut in half and topped generously with raspberry jam and whipped thickened cream.",yields,20
Scones,"No rubbing the butter into the flour, no lemonade; this foolproof recipe makes perfect scones every time.","<blockquote>No rubbing the butter into the flour, no lemonade; this foolproof recipe makes perfect scones every time.</blockquote>
<!--more-->
<h2>Ingredients</h2>
4 cups self-raising flour, sifted
½ tsp salt
1 cup pouring cream
375ml-400ml (or 1½ cups) milk
Double cream and raspberry jam to serve
<h2>Steps</h2>
<ol>
 	<li>Preheat fan-forced oven to 230°C. Lightly grease large flat oven tray.</li>
 	<li>Combine flour and salt in a large bowl. Add cream and 375ml milk. Use a flat-bladed knife to stir to a soft dough adding more milk if necessary. Turn onto a lightly floured surface and knead gently until dough comes together.</li>
 	<li>Press dough out to 2cm-thick. Using a 5.5cm round scone cutter, cut as many scones from dough as possible. Press dough scraps together gently, rolling it 2.5cm-thick and cut more scones. Repeat rolling the dough 5mm thicker each time until you have used all the dough. Place onto tray just touching each other.</li>
 	<li>Bake for 12-15 minutes until golden and well risen. Serve hot with cream and jam.</li>
</ol>
<h2>Serving Suggestion</h2>
Cut in half and topped generously with raspberry jam and whipped thickened cream.",author,Dan
Scones,"No rubbing the butter into the flour, no lemonade; this foolproof recipe makes perfect scones every time.","<blockquote>No rubbing the butter into the flour, no lemonade; this foolproof recipe makes perfect scones every time.</blockquote>
<!--more-->
<h2>Ingredients</h2>
4 cups self-raising flour, sifted
½ tsp salt
1 cup pouring cream
375ml-400ml (or 1½ cups) milk
Double cream and raspberry jam to serve
<h2>Steps</h2>
<ol>
 	<li>Preheat fan-forced oven to 230°C. Lightly grease large flat oven tray.</li>
 	<li>Combine flour and salt in a large bowl. Add cream and 375ml milk. Use a flat-bladed knife to stir to a soft dough adding more milk if necessary. Turn onto a lightly floured surface and knead gently until dough comes together.</li>
 	<li>Press dough out to 2cm-thick. Using a 5.5cm round scone cutter, cut as many scones from dough as possible. Press dough scraps together gently, rolling it 2.5cm-thick and cut more scones. Repeat rolling the dough 5mm thicker each time until you have used all the dough. Place onto tray just touching each other.</li>
 	<li>Bake for 12-15 minutes until golden and well risen. Serve hot with cream and jam.</li>
</ol>
<h2>Serving Suggestion</h2>
Cut in half and topped generously with raspberry jam and whipped thickened cream.",prep_time,15
Scones,"No rubbing the butter into the flour, no lemonade; this foolproof recipe makes perfect scones every time.","<blockquote>No rubbing the butter into the flour, no lemonade; this foolproof recipe makes perfect scones every time.</blockquote>
<!--more-->
<h2>Ingredients</h2>
4 cups self-raising flour, sifted
½ tsp salt
1 cup pouring cream
375ml-400ml (or 1½ cups) milk
Double cream and raspberry jam to serve
<h2>Steps</h2>
<ol>
 	<li>Preheat fan-forced oven to 230°C. Lightly grease large flat oven tray.</li>
 	<li>Combine flour and salt in a large bowl. Add cream and 375ml milk. Use a flat-bladed knife to stir to a soft dough adding more milk if necessary. Turn onto a lightly floured surface and knead gently until dough comes together.</li>
 	<li>Press dough out to 2cm-thick. Using a 5.5cm round scone cutter, cut as many scones from dough as possible. Press dough scraps together gently, rolling it 2.5cm-thick and cut more scones. Repeat rolling the dough 5mm thicker each time until you have used all the dough. Place onto tray just touching each other.</li>
 	<li>Bake for 12-15 minutes until golden and well risen. Serve hot with cream and jam.</li>
</ol>
<h2>Serving Suggestion</h2>
Cut in half and topped generously with raspberry jam and whipped thickened cream.",cook_time,15
"Zucchini Slice","This easy, savoury slice is the perfect way to incorporate more vegetables into your meal. The tasty egg, bacon and cheese will keep the kids coming back for more.","<blockquote>This easy, savoury slice is the perfect way to incorporate more vegetables into your meal. The tasty egg, bacon and cheese will keep the kids coming back for more.</blockquote>
<!--more-->
<h2>Ingredients</h2>
5 eggs
1 cup self-raising flour, sifted
375g zucchini, grated
1 large onion, finely chopped
1 large carrot, grated
2 tsp minced garlic
½ cup frozen corn kernels
200g rindless bacon, chopped
1 cup grated cheddar cheese
½ tsp paprika
¼ cup vegetable oil
<h2>Steps</h2>
<ol>
 	<li>Preheat oven to 170°C. Grease and line a 30 x 20cm lamington pan.</li>
 	<li>Beat the eggs in a large bowl until combined. Add the flour and beat until smooth, then add zucchini, onion, carrot, corn, garlic, bacon, cheese and oil and stir to combine.</li>
 	<li>Pour into the prepared pan, sprinkle the top with paprika and bake in oven for 30 minutes or until cooked through and golden on top.</li>
</ol>
<h2>Serving Suggestion</h2>
Best eaten warm. Perfect for kids lunchboxes or as a healthy party food option.",yields,20
"Zucchini Slice","This easy, savoury slice is the perfect way to incorporate more vegetables into your meal. The tasty egg, bacon and cheese will keep the kids coming back for more.","<blockquote>This easy, savoury slice is the perfect way to incorporate more vegetables into your meal. The tasty egg, bacon and cheese will keep the kids coming back for more.</blockquote>
<!--more-->
<h2>Ingredients</h2>
5 eggs
1 cup self-raising flour, sifted
375g zucchini, grated
1 large onion, finely chopped
1 large carrot, grated
2 tsp minced garlic
½ cup frozen corn kernels
200g rindless bacon, chopped
1 cup grated cheddar cheese
½ tsp paprika
¼ cup vegetable oil
<h2>Steps</h2>
<ol>
 	<li>Preheat oven to 170°C. Grease and line a 30 x 20cm lamington pan.</li>
 	<li>Beat the eggs in a large bowl until combined. Add the flour and beat until smooth, then add zucchini, onion, carrot, corn, garlic, bacon, cheese and oil and stir to combine.</li>
 	<li>Pour into the prepared pan, sprinkle the top with paprika and bake in oven for 30 minutes or until cooked through and golden on top.</li>
</ol>
<h2>Serving Suggestion</h2>
Best eaten warm. Perfect for kids lunchboxes or as a healthy party food option.",author,Michaela
"Zucchini Slice","This easy, savoury slice is the perfect way to incorporate more vegetables into your meal. The tasty egg, bacon and cheese will keep the kids coming back for more.","<blockquote>This easy, savoury slice is the perfect way to incorporate more vegetables into your meal. The tasty egg, bacon and cheese will keep the kids coming back for more.</blockquote>
<!--more-->
<h2>Ingredients</h2>
5 eggs
1 cup self-raising flour, sifted
375g zucchini, grated
1 large onion, finely chopped
1 large carrot, grated
2 tsp minced garlic
½ cup frozen corn kernels
200g rindless bacon, chopped
1 cup grated cheddar cheese
½ tsp paprika
¼ cup vegetable oil
<h2>Steps</h2>
<ol>
 	<li>Preheat oven to 170°C. Grease and line a 30 x 20cm lamington pan.</li>
 	<li>Beat the eggs in a large bowl until combined. Add the flour and beat until smooth, then add zucchini, onion, carrot, corn, garlic, bacon, cheese and oil and stir to combine.</li>
 	<li>Pour into the prepared pan, sprinkle the top with paprika and bake in oven for 30 minutes or until cooked through and golden on top.</li>
</ol>
<h2>Serving Suggestion</h2>
Best eaten warm. Perfect for kids lunchboxes or as a healthy party food option.",prep_time,20
"Zucchini Slice","This easy, savoury slice is the perfect way to incorporate more vegetables into your meal. The tasty egg, bacon and cheese will keep the kids coming back for more.","<blockquote>This easy, savoury slice is the perfect way to incorporate more vegetables into your meal. The tasty egg, bacon and cheese will keep the kids coming back for more.</blockquote>
<!--more-->
<h2>Ingredients</h2>
5 eggs
1 cup self-raising flour, sifted
375g zucchini, grated
1 large onion, finely chopped
1 large carrot, grated
2 tsp minced garlic
½ cup frozen corn kernels
200g rindless bacon, chopped
1 cup grated cheddar cheese
½ tsp paprika
¼ cup vegetable oil
<h2>Steps</h2>
<ol>
 	<li>Preheat oven to 170°C. Grease and line a 30 x 20cm lamington pan.</li>
 	<li>Beat the eggs in a large bowl until combined. Add the flour and beat until smooth, then add zucchini, onion, carrot, corn, garlic, bacon, cheese and oil and stir to combine.</li>
 	<li>Pour into the prepared pan, sprinkle the top with paprika and bake in oven for 30 minutes or until cooked through and golden on top.</li>
</ol>
<h2>Serving Suggestion</h2>
Best eaten warm. Perfect for kids lunchboxes or as a healthy party food option.",cook_time,40
"Mexican Tortilla Pie","Long remembered as “In the Mex” or the “Tortilla Stack”, this is the one you’ve been waiting for! This delicious dollar-saver recipe is as easy as pie to make – ándale!","<blockquote>Long remembered as “In the Mex” or the “Tortilla Stack”, this is the one you’ve been waiting for! This delicious dollar-saver recipe is as easy as pie to make – ándale!</blockquote>
<!--more-->
<h2>Ingredients</h2>
2 tsp olive oil
1 large red onion, finely chopped
2 garlic cloves, crushed
500g beef mince
1 small red capsicum, finely chopped
125g can corn kernels, drained, rinsed
2 tsp Mexican chilli powder
415g can diced tomatoes
½ cup torn fresh coriander leaves
4 salsa-flavoured tortillas
1½ cups grated tasty cheese
1 large tomato, deseeded, finely chopped
<h2>Steps</h2>
<ol>
 	<li>Preheat oven to 180°C. Heat oil in a frying pan over medium-high heat. Reserve two tablespoons of onion. Add garlic and remaining onion to pan. Cook, stirring, for three minutes or until soft. Add mince. Cook, breaking up mince with a wooden spoon, for eight minutes or until browned.</li>
 	<li>Add capsicum, corn and chilli powder. Cook, stir, for three minutes or until capsicum is just tender. Stir in diced tomatoes. Reduce head to medium. Simmer, stirring, for five minutes or until mixture is thick. Add half the coriander. Season with salt. Stir to combine. Set aside for ten minutes to cool.</li>
 	<li>Place a 6cm deep 20cm round springform pan on a baking tray. Place one tortilla in the base of pan. Spread 1/3 of the mince mixture over tortilla. Sprinkle with 1/3 cup of cheese. Repeat layers twice with remaining tortillas, mince mixture and cheese, finishing with one tortilla. Sprinkle with remaining cheese.</li>
 	<li>Bake for 15 minutes or until cheese is golden. Set aside for five minutes before removing from pan.</li>
 	<li>Meanwhile, to make the salsa, combine chopped tomato, reserved onion and coriander in a bowl.</li>
</ol>
<h2>Serving Suggestion</h2>
Serve with a spoonful of salsa and a cerveza for the adults!",yields,4
"Mexican Tortilla Pie","Long remembered as “In the Mex” or the “Tortilla Stack”, this is the one you’ve been waiting for! This delicious dollar-saver recipe is as easy as pie to make – ándale!","<blockquote>Long remembered as “In the Mex” or the “Tortilla Stack”, this is the one you’ve been waiting for! This delicious dollar-saver recipe is as easy as pie to make – ándale!</blockquote>
<!--more-->
<h2>Ingredients</h2>
2 tsp olive oil
1 large red onion, finely chopped
2 garlic cloves, crushed
500g beef mince
1 small red capsicum, finely chopped
125g can corn kernels, drained, rinsed
2 tsp Mexican chilli powder
415g can diced tomatoes
½ cup torn fresh coriander leaves
4 salsa-flavoured tortillas
1½ cups grated tasty cheese
1 large tomato, deseeded, finely chopped
<h2>Steps</h2>
<ol>
 	<li>Preheat oven to 180°C. Heat oil in a frying pan over medium-high heat. Reserve two tablespoons of onion. Add garlic and remaining onion to pan. Cook, stirring, for three minutes or until soft. Add mince. Cook, breaking up mince with a wooden spoon, for eight minutes or until browned.</li>
 	<li>Add capsicum, corn and chilli powder. Cook, stir, for three minutes or until capsicum is just tender. Stir in diced tomatoes. Reduce head to medium. Simmer, stirring, for five minutes or until mixture is thick. Add half the coriander. Season with salt. Stir to combine. Set aside for ten minutes to cool.</li>
 	<li>Place a 6cm deep 20cm round springform pan on a baking tray. Place one tortilla in the base of pan. Spread 1/3 of the mince mixture over tortilla. Sprinkle with 1/3 cup of cheese. Repeat layers twice with remaining tortillas, mince mixture and cheese, finishing with one tortilla. Sprinkle with remaining cheese.</li>
 	<li>Bake for 15 minutes or until cheese is golden. Set aside for five minutes before removing from pan.</li>
 	<li>Meanwhile, to make the salsa, combine chopped tomato, reserved onion and coriander in a bowl.</li>
</ol>
<h2>Serving Suggestion</h2>
Serve with a spoonful of salsa and a cerveza for the adults!",author,Kevin
"Mexican Tortilla Pie","Long remembered as “In the Mex” or the “Tortilla Stack”, this is the one you’ve been waiting for! This delicious dollar-saver recipe is as easy as pie to make – ándale!","<blockquote>Long remembered as “In the Mex” or the “Tortilla Stack”, this is the one you’ve been waiting for! This delicious dollar-saver recipe is as easy as pie to make – ándale!</blockquote>
<!--more-->
<h2>Ingredients</h2>
2 tsp olive oil
1 large red onion, finely chopped
2 garlic cloves, crushed
500g beef mince
1 small red capsicum, finely chopped
125g can corn kernels, drained, rinsed
2 tsp Mexican chilli powder
415g can diced tomatoes
½ cup torn fresh coriander leaves
4 salsa-flavoured tortillas
1½ cups grated tasty cheese
1 large tomato, deseeded, finely chopped
<h2>Steps</h2>
<ol>
 	<li>Preheat oven to 180°C. Heat oil in a frying pan over medium-high heat. Reserve two tablespoons of onion. Add garlic and remaining onion to pan. Cook, stirring, for three minutes or until soft. Add mince. Cook, breaking up mince with a wooden spoon, for eight minutes or until browned.</li>
 	<li>Add capsicum, corn and chilli powder. Cook, stir, for three minutes or until capsicum is just tender. Stir in diced tomatoes. Reduce head to medium. Simmer, stirring, for five minutes or until mixture is thick. Add half the coriander. Season with salt. Stir to combine. Set aside for ten minutes to cool.</li>
 	<li>Place a 6cm deep 20cm round springform pan on a baking tray. Place one tortilla in the base of pan. Spread 1/3 of the mince mixture over tortilla. Sprinkle with 1/3 cup of cheese. Repeat layers twice with remaining tortillas, mince mixture and cheese, finishing with one tortilla. Sprinkle with remaining cheese.</li>
 	<li>Bake for 15 minutes or until cheese is golden. Set aside for five minutes before removing from pan.</li>
 	<li>Meanwhile, to make the salsa, combine chopped tomato, reserved onion and coriander in a bowl.</li>
</ol>
<h2>Serving Suggestion</h2>
Serve with a spoonful of salsa and a cerveza for the adults!",prep_time,20
"Mexican Tortilla Pie","Long remembered as “In the Mex” or the “Tortilla Stack”, this is the one you’ve been waiting for! This delicious dollar-saver recipe is as easy as pie to make – ándale!","<blockquote>Long remembered as “In the Mex” or the “Tortilla Stack”, this is the one you’ve been waiting for! This delicious dollar-saver recipe is as easy as pie to make – ándale!</blockquote>
<!--more-->
<h2>Ingredients</h2>
2 tsp olive oil
1 large red onion, finely chopped
2 garlic cloves, crushed
500g beef mince
1 small red capsicum, finely chopped
125g can corn kernels, drained, rinsed
2 tsp Mexican chilli powder
415g can diced tomatoes
½ cup torn fresh coriander leaves
4 salsa-flavoured tortillas
1½ cups grated tasty cheese
1 large tomato, deseeded, finely chopped
<h2>Steps</h2>
<ol>
 	<li>Preheat oven to 180°C. Heat oil in a frying pan over medium-high heat. Reserve two tablespoons of onion. Add garlic and remaining onion to pan. Cook, stirring, for three minutes or until soft. Add mince. Cook, breaking up mince with a wooden spoon, for eight minutes or until browned.</li>
 	<li>Add capsicum, corn and chilli powder. Cook, stir, for three minutes or until capsicum is just tender. Stir in diced tomatoes. Reduce head to medium. Simmer, stirring, for five minutes or until mixture is thick. Add half the coriander. Season with salt. Stir to combine. Set aside for ten minutes to cool.</li>
 	<li>Place a 6cm deep 20cm round springform pan on a baking tray. Place one tortilla in the base of pan. Spread 1/3 of the mince mixture over tortilla. Sprinkle with 1/3 cup of cheese. Repeat layers twice with remaining tortillas, mince mixture and cheese, finishing with one tortilla. Sprinkle with remaining cheese.</li>
 	<li>Bake for 15 minutes or until cheese is golden. Set aside for five minutes before removing from pan.</li>
 	<li>Meanwhile, to make the salsa, combine chopped tomato, reserved onion and coriander in a bowl.</li>
</ol>
<h2>Serving Suggestion</h2>
Serve with a spoonful of salsa and a cerveza for the adults!",cook_time,15
"Easy Peasy Chocolate Cake","This chocolate cake recipe is perfect for afternoon tea (or just because!).","<blockquote>This chocolate cake recipe is perfect for afternoon tea (or just because!).</blockquote>
<!--more-->
<h2>Ingredients</h2>
1 cup of self raising flour, sifted
⅓ cup of cocoa powder, sifted
1 cup of caster sugar
⅓ cup of butter, softened
½ cup of milk
2 eggs, lightly beaten
<h2>Steps</h2>
<ol>
 	<li>Preheat the fan forced oven to 180 degrees Celsius.</li>
 	<li>Grease your pan with butter and line it with baking paper.</li>
 	<li>In a large mixing boll whisk together the flour, cocoa powder, eggs, sugar, milk and the butter. You can use an electric mixer on high for four minutes.</li>
 	<li>Pour your batter into the lined pan and smooth out the batter with a spatula.</li>
 	<li>Put the pan into the oven for 35-40 minutes. The cake is ready when you can poke a toothpick into the cake and it comes out clean.</li>
</ol>
<h2>Serving Suggestion</h2>
<div id="serving-suggestion" class="entry-content">Best eaten warm with some vanilla ice cream.</div>",yields,8
"Easy Peasy Chocolate Cake","This chocolate cake recipe is perfect for afternoon tea (or just because!).","<blockquote>This chocolate cake recipe is perfect for afternoon tea (or just because!).</blockquote>
<!--more-->
<h2>Ingredients</h2>
1 cup of self raising flour, sifted
⅓ cup of cocoa powder, sifted
1 cup of caster sugar
⅓ cup of butter, softened
½ cup of milk
2 eggs, lightly beaten
<h2>Steps</h2>
<ol>
 	<li>Preheat the fan forced oven to 180 degrees Celsius.</li>
 	<li>Grease your pan with butter and line it with baking paper.</li>
 	<li>In a large mixing boll whisk together the flour, cocoa powder, eggs, sugar, milk and the butter. You can use an electric mixer on high for four minutes.</li>
 	<li>Pour your batter into the lined pan and smooth out the batter with a spatula.</li>
 	<li>Put the pan into the oven for 35-40 minutes. The cake is ready when you can poke a toothpick into the cake and it comes out clean.</li>
</ol>
<h2>Serving Suggestion</h2>
<div id="serving-suggestion" class="entry-content">Best eaten warm with some vanilla ice cream.</div>",author,Mary-Jane
"Easy Peasy Chocolate Cake","This chocolate cake recipe is perfect for afternoon tea (or just because!).","<blockquote>This chocolate cake recipe is perfect for afternoon tea (or just because!).</blockquote>
<!--more-->
<h2>Ingredients</h2>
1 cup of self raising flour, sifted
⅓ cup of cocoa powder, sifted
1 cup of caster sugar
⅓ cup of butter, softened
½ cup of milk
2 eggs, lightly beaten
<h2>Steps</h2>
<ol>
 	<li>Preheat the fan forced oven to 180 degrees Celsius.</li>
 	<li>Grease your pan with butter and line it with baking paper.</li>
 	<li>In a large mixing boll whisk together the flour, cocoa powder, eggs, sugar, milk and the butter. You can use an electric mixer on high for four minutes.</li>
 	<li>Pour your batter into the lined pan and smooth out the batter with a spatula.</li>
 	<li>Put the pan into the oven for 35-40 minutes. The cake is ready when you can poke a toothpick into the cake and it comes out clean.</li>
</ol>
<h2>Serving Suggestion</h2>
<div id="serving-suggestion" class="entry-content">Best eaten warm with some vanilla ice cream.</div>",prep_time,10
"Easy Peasy Chocolate Cake","This chocolate cake recipe is perfect for afternoon tea (or just because!).","<blockquote>This chocolate cake recipe is perfect for afternoon tea (or just because!).</blockquote>
<!--more-->
<h2>Ingredients</h2>
1 cup of self raising flour, sifted
⅓ cup of cocoa powder, sifted
1 cup of caster sugar
⅓ cup of butter, softened
½ cup of milk
2 eggs, lightly beaten
<h2>Steps</h2>
<ol>
 	<li>Preheat the fan forced oven to 180 degrees Celsius.</li>
 	<li>Grease your pan with butter and line it with baking paper.</li>
 	<li>In a large mixing boll whisk together the flour, cocoa powder, eggs, sugar, milk and the butter. You can use an electric mixer on high for four minutes.</li>
 	<li>Pour your batter into the lined pan and smooth out the batter with a spatula.</li>
 	<li>Put the pan into the oven for 35-40 minutes. The cake is ready when you can poke a toothpick into the cake and it comes out clean.</li>
</ol>
<h2>Serving Suggestion</h2>
<div id="serving-suggestion" class="entry-content">Best eaten warm with some vanilla ice cream.</div>",cook_time,40
"Curried Tuna Fritters","The delicious brain child of the age old question: do we have Curried Tuna or Tuna Fritters for dinner tonight? Why not have both? Just don’t expect there to be leftovers!","<blockquote>The delicious brain child of the age old question: do we have Curried Tuna or Tuna Fritters for dinner tonight? Why not have both? Just don’t expect there to be leftovers!</blockquote>
<!--more-->
<h2>Ingredients</h2>
¾ cup rice
1 (425g) tin of tuna, drained
1 medium onion, chopped
¼ cup milk
2 eggs, separated
2 tbsp flour
1 tsp sugar
1 tsp vinegar
1 tbsp parsley, chopped
½ tsp salt
¼ tsp pepper
4 tbsp curry powder
<h2>Steps</h2>
This is the same recipe as <a href="https://walshskitchen.dwalsh.dev/tuna-fritters/">Tuna Fritters</a> but with the addition of the curry powder. All other ingredients and steps remain the same.
<ol>
 	<li>Cook the rice in boiling salted water for 12 minutes; drain.</li>
 	<li>Combine the rice, drained tuna, chopped onion, milk, flour, sugar, vinegar, parsley, salt, pepper and curry powder.</li>
 	<li>Separate the eggs and add the yolks to the mixture.</li>
 	<li>Beat the egg whites until soft peaks form, then fold into the mixture.</li>
 	<li>Scoop heaped tablespoons of the mixture into a hot oiled pan and fry for five minutes or until golden. Flip each fritter and fry for a further five minutes.</li>
</ol>
<h2>Serving Suggestion</h2>
Best devoured with sweet chilli or tomato sauce alongside fresh steamed veggies.",yields,20
"Curried Tuna Fritters","The delicious brain child of the age old question: do we have Curried Tuna or Tuna Fritters for dinner tonight? Why not have both? Just don’t expect there to be leftovers!","<blockquote>The delicious brain child of the age old question: do we have Curried Tuna or Tuna Fritters for dinner tonight? Why not have both? Just don’t expect there to be leftovers!</blockquote>
<!--more-->
<h2>Ingredients</h2>
¾ cup rice
1 (425g) tin of tuna, drained
1 medium onion, chopped
¼ cup milk
2 eggs, separated
2 tbsp flour
1 tsp sugar
1 tsp vinegar
1 tbsp parsley, chopped
½ tsp salt
¼ tsp pepper
4 tbsp curry powder
<h2>Steps</h2>
This is the same recipe as <a href="https://walshskitchen.dwalsh.dev/tuna-fritters/">Tuna Fritters</a> but with the addition of the curry powder. All other ingredients and steps remain the same.
<ol>
 	<li>Cook the rice in boiling salted water for 12 minutes; drain.</li>
 	<li>Combine the rice, drained tuna, chopped onion, milk, flour, sugar, vinegar, parsley, salt, pepper and curry powder.</li>
 	<li>Separate the eggs and add the yolks to the mixture.</li>
 	<li>Beat the egg whites until soft peaks form, then fold into the mixture.</li>
 	<li>Scoop heaped tablespoons of the mixture into a hot oiled pan and fry for five minutes or until golden. Flip each fritter and fry for a further five minutes.</li>
</ol>
<h2>Serving Suggestion</h2>
Best devoured with sweet chilli or tomato sauce alongside fresh steamed veggies.",author,Dan
"Curried Tuna Fritters","The delicious brain child of the age old question: do we have Curried Tuna or Tuna Fritters for dinner tonight? Why not have both? Just don’t expect there to be leftovers!","<blockquote>The delicious brain child of the age old question: do we have Curried Tuna or Tuna Fritters for dinner tonight? Why not have both? Just don’t expect there to be leftovers!</blockquote>
<!--more-->
<h2>Ingredients</h2>
¾ cup rice
1 (425g) tin of tuna, drained
1 medium onion, chopped
¼ cup milk
2 eggs, separated
2 tbsp flour
1 tsp sugar
1 tsp vinegar
1 tbsp parsley, chopped
½ tsp salt
¼ tsp pepper
4 tbsp curry powder
<h2>Steps</h2>
This is the same recipe as <a href="https://walshskitchen.dwalsh.dev/tuna-fritters/">Tuna Fritters</a> but with the addition of the curry powder. All other ingredients and steps remain the same.
<ol>
 	<li>Cook the rice in boiling salted water for 12 minutes; drain.</li>
 	<li>Combine the rice, drained tuna, chopped onion, milk, flour, sugar, vinegar, parsley, salt, pepper and curry powder.</li>
 	<li>Separate the eggs and add the yolks to the mixture.</li>
 	<li>Beat the egg whites until soft peaks form, then fold into the mixture.</li>
 	<li>Scoop heaped tablespoons of the mixture into a hot oiled pan and fry for five minutes or until golden. Flip each fritter and fry for a further five minutes.</li>
</ol>
<h2>Serving Suggestion</h2>
Best devoured with sweet chilli or tomato sauce alongside fresh steamed veggies.",prep_time,10
"Curried Tuna Fritters","The delicious brain child of the age old question: do we have Curried Tuna or Tuna Fritters for dinner tonight? Why not have both? Just don’t expect there to be leftovers!","<blockquote>The delicious brain child of the age old question: do we have Curried Tuna or Tuna Fritters for dinner tonight? Why not have both? Just don’t expect there to be leftovers!</blockquote>
<!--more-->
<h2>Ingredients</h2>
¾ cup rice
1 (425g) tin of tuna, drained
1 medium onion, chopped
¼ cup milk
2 eggs, separated
2 tbsp flour
1 tsp sugar
1 tsp vinegar
1 tbsp parsley, chopped
½ tsp salt
¼ tsp pepper
4 tbsp curry powder
<h2>Steps</h2>
This is the same recipe as <a href="https://walshskitchen.dwalsh.dev/tuna-fritters/">Tuna Fritters</a> but with the addition of the curry powder. All other ingredients and steps remain the same.
<ol>
 	<li>Cook the rice in boiling salted water for 12 minutes; drain.</li>
 	<li>Combine the rice, drained tuna, chopped onion, milk, flour, sugar, vinegar, parsley, salt, pepper and curry powder.</li>
 	<li>Separate the eggs and add the yolks to the mixture.</li>
 	<li>Beat the egg whites until soft peaks form, then fold into the mixture.</li>
 	<li>Scoop heaped tablespoons of the mixture into a hot oiled pan and fry for five minutes or until golden. Flip each fritter and fry for a further five minutes.</li>
</ol>
<h2>Serving Suggestion</h2>
Best devoured with sweet chilli or tomato sauce alongside fresh steamed veggies.",cook_time,30
"Tim Tam Chocolate Truffles",,"<h2>Ingredients</h2>
2 x packets of Tim Tam (any flavour)
One tub of cream cheese
Dark chocolate melts
White chocolate melts
<h2>Steps</h2>
<ol>
 	<li>Blend Tim Tam biscuits in the blender and then add cream cheese to bind.</li>
 	<li>Roll into truffle size balls and when set, dip in dark melted chocolate, then drizzle with white melted chocolate.</li>
</ol>",yields,
"Tim Tam Chocolate Truffles",,"<h2>Ingredients</h2>
2 x packets of Tim Tam (any flavour)
One tub of cream cheese
Dark chocolate melts
White chocolate melts
<h2>Steps</h2>
<ol>
 	<li>Blend Tim Tam biscuits in the blender and then add cream cheese to bind.</li>
 	<li>Roll into truffle size balls and when set, dip in dark melted chocolate, then drizzle with white melted chocolate.</li>
</ol>",author,
"Tim Tam Chocolate Truffles",,"<h2>Ingredients</h2>
2 x packets of Tim Tam (any flavour)
One tub of cream cheese
Dark chocolate melts
White chocolate melts
<h2>Steps</h2>
<ol>
 	<li>Blend Tim Tam biscuits in the blender and then add cream cheese to bind.</li>
 	<li>Roll into truffle size balls and when set, dip in dark melted chocolate, then drizzle with white melted chocolate.</li>
</ol>",prep_time,
"Tim Tam Chocolate Truffles",,"<h2>Ingredients</h2>
2 x packets of Tim Tam (any flavour)
One tub of cream cheese
Dark chocolate melts
White chocolate melts
<h2>Steps</h2>
<ol>
 	<li>Blend Tim Tam biscuits in the blender and then add cream cheese to bind.</li>
 	<li>Roll into truffle size balls and when set, dip in dark melted chocolate, then drizzle with white melted chocolate.</li>
</ol>",cook_time,
"Weetbix Slice",,"<h2>Ingredients</h2>
170g butter
5 crushed Weetbix
1 cup sugar
Pinch of salt
1 tsp vanilla essence
1 egg
1 cup desiccated coconut
1 cup plain flour, sifted
1 heaped tsp cocoa, sifted
<h2>Steps</h2>
<ol>
 	<li>Cream the butter and sugar, add egg, vanilla, coconut, Weetbix and sifted ingredients.</li>
 	<li>Press into greased shallow dish and bake in a moderate oven (180deg) for 30-35 minutes.</li>
 	<li>Top with chocolate icing when cool.</li>
</ol>",yields,
"Weetbix Slice",,"<h2>Ingredients</h2>
170g butter
5 crushed Weetbix
1 cup sugar
Pinch of salt
1 tsp vanilla essence
1 egg
1 cup desiccated coconut
1 cup plain flour, sifted
1 heaped tsp cocoa, sifted
<h2>Steps</h2>
<ol>
 	<li>Cream the butter and sugar, add egg, vanilla, coconut, Weetbix and sifted ingredients.</li>
 	<li>Press into greased shallow dish and bake in a moderate oven (180deg) for 30-35 minutes.</li>
 	<li>Top with chocolate icing when cool.</li>
</ol>",author,
"Weetbix Slice",,"<h2>Ingredients</h2>
170g butter
5 crushed Weetbix
1 cup sugar
Pinch of salt
1 tsp vanilla essence
1 egg
1 cup desiccated coconut
1 cup plain flour, sifted
1 heaped tsp cocoa, sifted
<h2>Steps</h2>
<ol>
 	<li>Cream the butter and sugar, add egg, vanilla, coconut, Weetbix and sifted ingredients.</li>
 	<li>Press into greased shallow dish and bake in a moderate oven (180deg) for 30-35 minutes.</li>
 	<li>Top with chocolate icing when cool.</li>
</ol>",prep_time,
"Weetbix Slice",,"<h2>Ingredients</h2>
170g butter
5 crushed Weetbix
1 cup sugar
Pinch of salt
1 tsp vanilla essence
1 egg
1 cup desiccated coconut
1 cup plain flour, sifted
1 heaped tsp cocoa, sifted
<h2>Steps</h2>
<ol>
 	<li>Cream the butter and sugar, add egg, vanilla, coconut, Weetbix and sifted ingredients.</li>
 	<li>Press into greased shallow dish and bake in a moderate oven (180deg) for 30-35 minutes.</li>
 	<li>Top with chocolate icing when cool.</li>
</ol>",cook_time,
"Rum Balls",,"<h2>Ingredients</h2>
1 packet Marie biscuits
1 cup desiccated coconut
1 200g can condensed milk
2 tbsp cocoa
120g copha, melted
1/2 tsp vanilla essence
2 tsp rum
Extra coconut for coating
<h2>Steps</h2>
<ol>
 	<li>Use a food processor to crumble half the biscuits, pour into a large mixing bowl and repeat with the remaining biscuits.</li>
 	<li>Add coconut, condensed milk, cocoa, copha, vanilla and rum to the biscuits and mix well.</li>
 	<li>Roll one heaped teaspoonful of mixture into a ball and roll in extra coconut.</li>
 	<li>Store in the fridge.</li>
</ol>",yields,
"Rum Balls",,"<h2>Ingredients</h2>
1 packet Marie biscuits
1 cup desiccated coconut
1 200g can condensed milk
2 tbsp cocoa
120g copha, melted
1/2 tsp vanilla essence
2 tsp rum
Extra coconut for coating
<h2>Steps</h2>
<ol>
 	<li>Use a food processor to crumble half the biscuits, pour into a large mixing bowl and repeat with the remaining biscuits.</li>
 	<li>Add coconut, condensed milk, cocoa, copha, vanilla and rum to the biscuits and mix well.</li>
 	<li>Roll one heaped teaspoonful of mixture into a ball and roll in extra coconut.</li>
 	<li>Store in the fridge.</li>
</ol>",author,
"Rum Balls",,"<h2>Ingredients</h2>
1 packet Marie biscuits
1 cup desiccated coconut
1 200g can condensed milk
2 tbsp cocoa
120g copha, melted
1/2 tsp vanilla essence
2 tsp rum
Extra coconut for coating
<h2>Steps</h2>
<ol>
 	<li>Use a food processor to crumble half the biscuits, pour into a large mixing bowl and repeat with the remaining biscuits.</li>
 	<li>Add coconut, condensed milk, cocoa, copha, vanilla and rum to the biscuits and mix well.</li>
 	<li>Roll one heaped teaspoonful of mixture into a ball and roll in extra coconut.</li>
 	<li>Store in the fridge.</li>
</ol>",prep_time,
"Rum Balls",,"<h2>Ingredients</h2>
1 packet Marie biscuits
1 cup desiccated coconut
1 200g can condensed milk
2 tbsp cocoa
120g copha, melted
1/2 tsp vanilla essence
2 tsp rum
Extra coconut for coating
<h2>Steps</h2>
<ol>
 	<li>Use a food processor to crumble half the biscuits, pour into a large mixing bowl and repeat with the remaining biscuits.</li>
 	<li>Add coconut, condensed milk, cocoa, copha, vanilla and rum to the biscuits and mix well.</li>
 	<li>Roll one heaped teaspoonful of mixture into a ball and roll in extra coconut.</li>
 	<li>Store in the fridge.</li>
</ol>",cook_time,
"Chicken and Leak Pot Pies",,"<h2>Ingredients</h2>
2 tbsp vegetable oil
8 chicken thigh fillets, trimmed and chopped
1 leek, trimmed and sliced
2 garlic cloves, crushed
1 tbsp chopped rosemary leaves
1/4 cup plain flour, sifted
1 1/2 cups chicken stock
1/2 cup pouring cream
1 cup frozen peas
2 sheets of puff pastry
1 egg, lightly beaten
<h2>Steps</h2>
<ol>
 	<li>Preheat the oven to 220deg.</li>
 	<li>Heat oil in large frying pan over a high heat. Cook chicken until browned.</li>
 	<li>Add the leek, garlic and rosemary and cook for 2-3 minutes or until softened.</li>
 	<li>Add the flour and cook for 1 minute.</li>
 	<li>Add the stock and cream and cook, stirring for a further 5 minutes or until thickened.</li>
 	<li>Allow to cool slightly and stir through the peas.</li>
 	<li>Spoon mixture into ramekin dished. Place pastry on top of the mixture , brush with egg and bake for 15-20 minutes until pastry is puffed and golden.</li>
</ol>
Makes 4 pies",yields,
"Chicken and Leak Pot Pies",,"<h2>Ingredients</h2>
2 tbsp vegetable oil
8 chicken thigh fillets, trimmed and chopped
1 leek, trimmed and sliced
2 garlic cloves, crushed
1 tbsp chopped rosemary leaves
1/4 cup plain flour, sifted
1 1/2 cups chicken stock
1/2 cup pouring cream
1 cup frozen peas
2 sheets of puff pastry
1 egg, lightly beaten
<h2>Steps</h2>
<ol>
 	<li>Preheat the oven to 220deg.</li>
 	<li>Heat oil in large frying pan over a high heat. Cook chicken until browned.</li>
 	<li>Add the leek, garlic and rosemary and cook for 2-3 minutes or until softened.</li>
 	<li>Add the flour and cook for 1 minute.</li>
 	<li>Add the stock and cream and cook, stirring for a further 5 minutes or until thickened.</li>
 	<li>Allow to cool slightly and stir through the peas.</li>
 	<li>Spoon mixture into ramekin dished. Place pastry on top of the mixture , brush with egg and bake for 15-20 minutes until pastry is puffed and golden.</li>
</ol>
Makes 4 pies",author,
"Chicken and Leak Pot Pies",,"<h2>Ingredients</h2>
2 tbsp vegetable oil
8 chicken thigh fillets, trimmed and chopped
1 leek, trimmed and sliced
2 garlic cloves, crushed
1 tbsp chopped rosemary leaves
1/4 cup plain flour, sifted
1 1/2 cups chicken stock
1/2 cup pouring cream
1 cup frozen peas
2 sheets of puff pastry
1 egg, lightly beaten
<h2>Steps</h2>
<ol>
 	<li>Preheat the oven to 220deg.</li>
 	<li>Heat oil in large frying pan over a high heat. Cook chicken until browned.</li>
 	<li>Add the leek, garlic and rosemary and cook for 2-3 minutes or until softened.</li>
 	<li>Add the flour and cook for 1 minute.</li>
 	<li>Add the stock and cream and cook, stirring for a further 5 minutes or until thickened.</li>
 	<li>Allow to cool slightly and stir through the peas.</li>
 	<li>Spoon mixture into ramekin dished. Place pastry on top of the mixture , brush with egg and bake for 15-20 minutes until pastry is puffed and golden.</li>
</ol>
Makes 4 pies",prep_time,
"Chicken and Leak Pot Pies",,"<h2>Ingredients</h2>
2 tbsp vegetable oil
8 chicken thigh fillets, trimmed and chopped
1 leek, trimmed and sliced
2 garlic cloves, crushed
1 tbsp chopped rosemary leaves
1/4 cup plain flour, sifted
1 1/2 cups chicken stock
1/2 cup pouring cream
1 cup frozen peas
2 sheets of puff pastry
1 egg, lightly beaten
<h2>Steps</h2>
<ol>
 	<li>Preheat the oven to 220deg.</li>
 	<li>Heat oil in large frying pan over a high heat. Cook chicken until browned.</li>
 	<li>Add the leek, garlic and rosemary and cook for 2-3 minutes or until softened.</li>
 	<li>Add the flour and cook for 1 minute.</li>
 	<li>Add the stock and cream and cook, stirring for a further 5 minutes or until thickened.</li>
 	<li>Allow to cool slightly and stir through the peas.</li>
 	<li>Spoon mixture into ramekin dished. Place pastry on top of the mixture , brush with egg and bake for 15-20 minutes until pastry is puffed and golden.</li>
</ol>
Makes 4 pies",cook_time,
